Campaign ID,Campaign Name,Adgroup ID,Adgroup Name,Criterion ID,Criterion Name,Start Date,End Date,Current Bid,Bid,Clicks,Costs,Impressions
174263156,Shopping: SEM PLA,8991844196,Google Shopping Feed,77063153396,kids gt playsets,20160206,20160212,0.20,0.01,0,0.00,1
174263156,Shopping: SEM PLA,8991844196,Google Shopping Feed,77063153396,kids gt playsets,20160206,20160212,0.20,0.20,1,0.04,22
174263156,Shopping: SEM PLA,8991844196,Google Shopping Feed,77063153396,kids gt playsets,20160206,20160212,0.20,0.48,4,0.23,36
174263156,Shopping: SEM PLA,8991844196,Google Shopping Feed,77063153396,kids gt playsets,20160206,20160212,0.20,0.84,4,0.31,48
174263156,Shopping: SEM PLA,8991844196,Google Shopping Feed,77063153396,kids gt playsets,20160206,20160212,0.20,1.12,5,0.61,58
174263156,Shopping: SEM PLA,8991844196,Google Shopping Feed,77063153396,kids gt playsets,20160206,20160212,0.20,1.45,6,1.48,69
174263156,Shopping: SEM PLA,8991844196,Google Shopping Feed,77063153396,kids gt playsets,20160206,20160212,0.20,1.61,6,1.67,85
174263156,Shopping: SEM PLA,8991844196,Google Shopping Feed,77063153396,kids gt playsets,20160206,20160212,0.20,1.86,7,1.80,98
174263156,Shopping: SEM PLA,8991844196,Google Shopping Feed,77063153396,kids gt playsets,20160206,20160212,0.20,2.37,7,2.38,100
174263156,Shopping: SEM PLA,8991844196,Google Shopping Feed,77063153396,kids gt playsets,20160206,20160212,0.20,2.79,8,2.81,103
174263156,Shopping: SEM PLA,8991844196,Google Shopping Feed,77063155316,kids gt playsets,20160206,20160212,0.20,0.01,0,0.00,15
174263156,Shopping: SEM PLA,8991844196,Google Shopping Feed,77063155316,kids gt playsets,20160206,20160212,0.20,0.11,1,0.02,79
174263156,Shopping: SEM PLA,8991844196,Google Shopping Feed,77063155316,kids gt playsets,20160206,20160212,0.20,0.20,1,0.10,132
174263156,Shopping: SEM PLA,8991844196,Google Shopping Feed,77063155316,kids gt playsets,20160206,20160212,0.20,0.36,2,0.27,187
174263156,Shopping: SEM PLA,8991844196,Google Shopping Feed,77063155316,kids gt playsets,20160206,20160212,0.20,0.58,2,0.60,232
174263156,Shopping: SEM PLA,8991844196,Google Shopping Feed,77063155316,kids gt playsets,20160206,20160212,0.20,0.90,3,0.95,258
174263156,Shopping: SEM PLA,8991844196,Google Shopping Feed,77063155316,kids gt playsets,20160206,20160212,0.20,1.29,3,1.56,279
174263156,Shopping: SEM PLA,8991844196,Google Shopping Feed,77063155316,kids gt playsets,20160206,20160212,0.20,1.67,4,2.15,303
174263156,Shopping: SEM PLA,8991844196,Google Shopping Feed,77063155316,kids gt playsets,20160206,20160212,0.20,2.08,4,2.99,312
174263156,Shopping: SEM PLA,8991844196,Google Shopping Feed,77063155316,kids gt playsets,20160206,20160212,0.20,2.53,4,3.39,317
174263156,Shopping: SEM PLA,8991844196,Google Shopping Feed,77063156276,kids gt playsets,20160206,20160212,0.20,0.01,0,0.00,3
174263156,Shopping: SEM PLA,8991844196,Google Shopping Feed,77063156276,kids gt playsets,20160206,20160212,0.20,0.20,2,0.35,121
174263156,Shopping: SEM PLA,8991844196,Google Shopping Feed,77063156276,kids gt playsets,20160206,20160212,0.20,0.30,3,0.84,214
174263156,Shopping: SEM PLA,8991844196,Google Shopping Feed,77063156276,kids gt playsets,20160206,20160212,0.20,0.41,4,1.19,283
174263156,Shopping: SEM PLA,8991844196,Google Shopping Feed,77063156276,kids gt playsets,20160206,20160212,0.20,0.71,5,2.47,342
174263156,Shopping: SEM PLA,8991844196,Google Shopping Feed,77063156276,kids gt playsets,20160206,20160212,0.20,1.08,6,3.93,389
174263156,Shopping: SEM PLA,8991844196,Google Shopping Feed,77063156276,kids gt playsets,20160206,20160212,0.20,1.51,6,6.41,420
174263156,Shopping: SEM PLA,8991844196,Google Shopping Feed,77063156276,kids gt playsets,20160206,20160212,0.20,1.97,7,8.80,443
174263156,Shopping: SEM PLA,8991844196,Google Shopping Feed,77063156276,kids gt playsets,20160206,20160212,0.20,2.49,8,10.60,452
174263156,Shopping: SEM PLA,8991844196,Google Shopping Feed,77063156276,kids gt playsets,20160206,20160212,0.20,3.00,8,11.20,461
174263156,Shopping: SEM PLA,8991844196,Google Shopping Feed,77063158196,kids gt playsets,20160206,20160212,0.20,0.01,0,0.00,4
174263156,Shopping: SEM PLA,8991844196,Google Shopping Feed,77063158196,kids gt playsets,20160206,20160212,0.20,0.25,1,0.27,105
174263156,Shopping: SEM PLA,8991844196,Google Shopping Feed,77063158196,kids gt playsets,20160206,20160212,0.20,0.33,1,0.48,168
174263156,Shopping: SEM PLA,8991844196,Google Shopping Feed,77063158196,kids gt playsets,20160206,20160212,0.20,0.40,2,0.76,224
174263156,Shopping: SEM PLA,8991844196,Google Shopping Feed,77063158196,kids gt playsets,20160206,20160212,0.20,0.52,2,1.11,282
174263156,Shopping: SEM PLA,8991844196,Google Shopping Feed,77063158196,kids gt playsets,20160206,20160212,0.20,0.73,3,1.80,320
174263156,Shopping: SEM PLA,8991844196,Google Shopping Feed,77063158196,kids gt playsets,20160206,20160212,0.20,1.00,3,2.26,343
174263156,Shopping: SEM PLA,8991844196,Google Shopping Feed,77063158196,kids gt playsets,20160206,20160212,0.20,1.29,3,3.00,356
174263156,Shopping: SEM PLA,8991844196,Google Shopping Feed,77063158196,kids gt playsets,20160206,20160212,0.20,1.60,4,3.55,363
174263156,Shopping: SEM PLA,8991844196,Google Shopping Feed,77063158196,kids gt playsets,20160206,20160212,0.20,1.91,4,3.93,369
174263156,Shopping: SEM PLA,8991844196,Google Shopping Feed,77063159156,kids gt playsets,20160206,20160212,0.20,0.01,0,0.00,4
174263156,Shopping: SEM PLA,8991844196,Google Shopping Feed,77063159156,kids gt playsets,20160206,20160212,0.20,0.20,1,0.17,43
174263156,Shopping: SEM PLA,8991844196,Google Shopping Feed,77063159156,kids gt playsets,20160206,20160212,0.20,0.32,1,0.37,72
174263156,Shopping: SEM PLA,8991844196,Google Shopping Feed,77063159156,kids gt playsets,20160206,20160212,0.20,0.49,3,1.08,93
174263156,Shopping: SEM PLA,8991844196,Google Shopping Feed,77063159156,kids gt playsets,20160206,20160212,0.20,0.74,4,2.17,111
174263156,Shopping: SEM PLA,8991844196,Google Shopping Feed,77063159156,kids gt playsets,20160206,20160212,0.20,1.03,4,2.72,127
174263156,Shopping: SEM PLA,8991844196,Google Shopping Feed,77063159156,kids gt playsets,20160206,20160212,0.20,1.35,5,3.18,138
174263156,Shopping: SEM PLA,8991844196,Google Shopping Feed,77063159156,kids gt playsets,20160206,20160212,0.20,1.82,5,3.59,143
174263156,Shopping: SEM PLA,8991844196,Google Shopping Feed,77063159156,kids gt playsets,20160206,20160212,0.20,2.37,5,3.69,144
174263156,Shopping: SEM PLA,8991844196,Google Shopping Feed,77063159156,kids gt playsets,20160206,20160212,0.20,2.73,5,4.14,149
174263156,Shopping: SEM PLA,8991844196,Google Shopping Feed,77063160116,kids gt playsets,20160206,20160212,0.20,0.01,2,0.01,9
174263156,Shopping: SEM PLA,8991844196,Google Shopping Feed,77063160116,kids gt playsets,20160206,20160212,0.20,0.20,2,0.09,53
174263156,Shopping: SEM PLA,8991844196,Google Shopping Feed,77063160116,kids gt playsets,20160206,20160212,0.20,0.27,2,0.22,80
174263156,Shopping: SEM PLA,8991844196,Google Shopping Feed,77063160116,kids gt playsets,20160206,20160212,0.20,0.37,2,0.43,101
174263156,Shopping: SEM PLA,8991844196,Google Shopping Feed,77063160116,kids gt playsets,20160206,20160212,0.20,0.56,3,0.73,118
174263156,Shopping: SEM PLA,8991844196,Google Shopping Feed,77063160116,kids gt playsets,20160206,20160212,0.20,0.78,3,0.96,133
174263156,Shopping: SEM PLA,8991844196,Google Shopping Feed,77063160116,kids gt playsets,20160206,20160212,0.20,1.09,3,1.11,137
174263156,Shopping: SEM PLA,8991844196,Google Shopping Feed,77063160116,kids gt playsets,20160206,20160212,0.20,1.40,3,1.33,145
174263156,Shopping: SEM PLA,8991844196,Google Shopping Feed,77063160116,kids gt playsets,20160206,20160212,0.20,1.79,3,1.68,150
174263156,Shopping: SEM PLA,8991844196,Google Shopping Feed,77063160116,kids gt playsets,20160206,20160212,0.20,2.04,3,1.83,152
174263156,Shopping: SEM PLA,8991844196,Google Shopping Feed,77063154116,kids gt playsets,20160206,20160212,0.20,0.01,0,0.00,3
174263156,Shopping: SEM PLA,8991844196,Google Shopping Feed,77063154116,kids gt playsets,20160206,20160212,0.20,0.20,0,0.00,44
174263156,Shopping: SEM PLA,8991844196,Google Shopping Feed,77063154116,kids gt playsets,20160206,20160212,0.20,0.30,0,0.00,86
174263156,Shopping: SEM PLA,8991844196,Google Shopping Feed,77063154116,kids gt playsets,20160206,20160212,0.20,0.47,0,0.00,119
174263156,Shopping: SEM PLA,8991844196,Google Shopping Feed,77063154116,kids gt playsets,20160206,20160212,0.20,0.78,1,0.63,148
174263156,Shopping: SEM PLA,8991844196,Google Shopping Feed,77063154116,kids gt playsets,20160206,20160212,0.20,1.19,1,0.92,166
174263156,Shopping: SEM PLA,8991844196,Google Shopping Feed,77063154116,kids gt playsets,20160206,20160212,0.20,1.59,1,1.57,183
174263156,Shopping: SEM PLA,8991844196,Google Shopping Feed,77063154116,kids gt playsets,20160206,20160212,0.20,1.99,1,2.58,201
174263156,Shopping: SEM PLA,8991844196,Google Shopping Feed,77063154116,kids gt playsets,20160206,20160212,0.20,2.50,1,3.32,209
174263156,Shopping: SEM PLA,8991844196,Google Shopping Feed,77063154116,kids gt playsets,20160206,20160212,0.20,2.99,1,3.84,216
174263156,Shopping: SEM PLA,8991844196,Google Shopping Feed,77063155076,kids gt playsets,20160206,20160212,0.20,0.01,0,0.00,2
174263156,Shopping: SEM PLA,8991844196,Google Shopping Feed,77063155076,kids gt playsets,20160206,20160212,0.20,0.20,1,0.15,11
174263156,Shopping: SEM PLA,8991844196,Google Shopping Feed,77063155076,kids gt playsets,20160206,20160212,0.20,0.31,1,0.22,20
174263156,Shopping: SEM PLA,8991844196,Google Shopping Feed,77063155076,kids gt playsets,20160206,20160212,0.20,0.46,1,0.28,29
174263156,Shopping: SEM PLA,8991844196,Google Shopping Feed,77063155076,kids gt playsets,20160206,20160212,0.20,0.58,2,0.72,38
174263156,Shopping: SEM PLA,8991844196,Google Shopping Feed,77063155076,kids gt playsets,20160206,20160212,0.20,0.95,2,1.15,42
174263156,Shopping: SEM PLA,8991844196,Google Shopping Feed,77063155076,kids gt playsets,20160206,20160212,0.20,1.27,2,1.30,47
174263156,Shopping: SEM PLA,8991844196,Google Shopping Feed,77063155076,kids gt playsets,20160206,20160212,0.20,1.75,3,1.46,49
174263156,Shopping: SEM PLA,8991844196,Google Shopping Feed,77063155076,kids gt playsets,20160206,20160212,0.20,2.29,3,2.35,50
174263156,Shopping: SEM PLA,8991844196,Google Shopping Feed,77063155076,kids gt playsets,20160206,20160212,0.20,2.75,3,2.39,53
174263156,Shopping: SEM PLA,8991844196,Google Shopping Feed,77063156036,kids gt playsets,20160206,20160212,0.20,0.01,0,0.00,3
174263156,Shopping: SEM PLA,8991844196,Google Shopping Feed,77063156036,kids gt playsets,20160206,20160212,0.20,0.11,0,0.00,32
174263156,Shopping: SEM PLA,8991844196,Google Shopping Feed,77063156036,kids gt playsets,20160206,20160212,0.20,0.20,0,0.00,53
174263156,Shopping: SEM PLA,8991844196,Google Shopping Feed,77063156036,kids gt playsets,20160206,20160212,0.20,0.35,0,0.00,76
174263156,Shopping: SEM PLA,8991844196,Google Shopping Feed,77063156036,kids gt playsets,20160206,20160212,0.20,0.58,0,0.00,97
174263156,Shopping: SEM PLA,8991844196,Google Shopping Feed,77063156036,kids gt playsets,20160206,20160212,0.20,0.93,0,0.00,108
174263156,Shopping: SEM PLA,8991844196,Google Shopping Feed,77063156036,kids gt playsets,20160206,20160212,0.20,1.29,0,0.00,121
174263156,Shopping: SEM PLA,8991844196,Google Shopping Feed,77063156036,kids gt playsets,20160206,20160212,0.20,1.72,0,0.00,126
174263156,Shopping: SEM PLA,8991844196,Google Shopping Feed,77063156036,kids gt playsets,20160206,20160212,0.20,2.23,0,0.00,129
174263156,Shopping: SEM PLA,8991844196,Google Shopping Feed,77063156036,kids gt playsets,20160206,20160212,0.20,2.65,0,0.00,134
174263156,Shopping: SEM PLA,8991844196,Google Shopping Feed,77063158916,kids gt playsets,20160206,20160212,0.20,0.01,0,0.00,1
174263156,Shopping: SEM PLA,8991844196,Google Shopping Feed,77063158916,kids gt playsets,20160206,20160212,0.20,0.20,2,0.40,116
174263156,Shopping: SEM PLA,8991844196,Google Shopping Feed,77063158916,kids gt playsets,20160206,20160212,0.20,0.34,4,1.14,196
174263156,Shopping: SEM PLA,8991844196,Google Shopping Feed,77063158916,kids gt playsets,20160206,20160212,0.20,0.51,5,2.46,274
174263156,Shopping: SEM PLA,8991844196,Google Shopping Feed,77063158916,kids gt playsets,20160206,20160212,0.20,0.69,7,3.65,348
174263156,Shopping: SEM PLA,8991844196,Google Shopping Feed,77063158916,kids gt playsets,20160206,20160212,0.20,1.01,8,5.05,402
174263156,Shopping: SEM PLA,8991844196,Google Shopping Feed,77063158916,kids gt playsets,20160206,20160212,0.20,1.32,8,6.45,452
174263156,Shopping: SEM PLA,8991844196,Google Shopping Feed,77063158916,kids gt playsets,20160206,20160212,0.20,1.82,9,8.61,457
174263156,Shopping: SEM PLA,8991844196,Google Shopping Feed,77063158916,kids gt playsets,20160206,20160212,0.20,2.31,9,10.50,461
174263156,Shopping: SEM PLA,8991844196,Google Shopping Feed,77063158916,kids gt playsets,20160206,20160212,0.20,2.81,9,11.80,464
174263156,Shopping: SEM PLA,8991844196,Google Shopping Feed,77063162756,kids gt playsets,20160206,20160212,0.20,0.78,0,0.00,1
174263156,Shopping: SEM PLA,8991844196,Google Shopping Feed,77063162756,kids gt playsets,20160206,20160212,0.20,0.95,0,0.00,3
174263156,Shopping: SEM PLA,8991844196,Google Shopping Feed,77063162756,kids gt playsets,20160206,20160212,0.20,1.84,0,0.00,4
174263156,Shopping: SEM PLA,8991844196,Google Shopping Feed,77063163716,kids gt playsets,20160206,20160212,0.20,0.01,0,0.00,61
174263156,Shopping: SEM PLA,8991844196,Google Shopping Feed,77063163716,kids gt playsets,20160206,20160212,0.20,0.10,5,0.34,647
174263156,Shopping: SEM PLA,8991844196,Google Shopping Feed,77063163716,kids gt playsets,20160206,20160212,0.20,0.20,9,1.15,1100
174263156,Shopping: SEM PLA,8991844196,Google Shopping Feed,77063163716,kids gt playsets,20160206,20160212,0.20,0.39,16,4.08,1620
174263156,Shopping: SEM PLA,8991844196,Google Shopping Feed,77063163716,kids gt playsets,20160206,20160212,0.20,0.64,23,9.27,2090
174263156,Shopping: SEM PLA,8991844196,Google Shopping Feed,77063163716,kids gt playsets,20160206,20160212,0.20,1.01,31,17.50,2480
174263156,Shopping: SEM PLA,8991844196,Google Shopping Feed,77063163716,kids gt playsets,20160206,20160212,0.20,1.45,36,24.40,2770
174263156,Shopping: SEM PLA,8991844196,Google Shopping Feed,77063163716,kids gt playsets,20160206,20160212,0.20,1.95,39,29.60,2950
174263156,Shopping: SEM PLA,8991844196,Google Shopping Feed,77063163716,kids gt playsets,20160206,20160212,0.20,2.48,40,33.40,3020
174263156,Shopping: SEM PLA,8991844196,Google Shopping Feed,77063163716,kids gt playsets,20160206,20160212,0.20,3.00,41,38.60,3090
174263156,Shopping: SEM PLA,8991844196,Google Shopping Feed,18283950120,kids gt playsets,20160206,20160212,0.20,0.01,16,0.13,871
174263156,Shopping: SEM PLA,8991844196,Google Shopping Feed,18283950120,kids gt playsets,20160206,20160212,0.20,0.27,219,42.60,13300
174263156,Shopping: SEM PLA,8991844196,Google Shopping Feed,18283950120,kids gt playsets,20160206,20160212,0.20,0.54,397,140.00,23300
174263156,Shopping: SEM PLA,8991844196,Google Shopping Feed,18283950120,kids gt playsets,20160206,20160212,0.20,0.80,504,239.00,28900
174263156,Shopping: SEM PLA,8991844196,Google Shopping Feed,18283950120,kids gt playsets,20160206,20160212,0.20,1.08,577,336.00,32400
174263156,Shopping: SEM PLA,8991844196,Google Shopping Feed,18283950120,kids gt playsets,20160206,20160212,0.20,1.32,631,420.00,34400
174263156,Shopping: SEM PLA,8991844196,Google Shopping Feed,18283950120,kids gt playsets,20160206,20160212,0.20,1.59,669,497.00,35900
174263156,Shopping: SEM PLA,8991844196,Google Shopping Feed,18283950120,kids gt playsets,20160206,20160212,0.20,1.85,694,559.00,37100
174263156,Shopping: SEM PLA,8991844196,Google Shopping Feed,18283950120,kids gt playsets,20160206,20160212,0.20,2.18,713,619.00,37900
174263156,Shopping: SEM PLA,8991844196,Google Shopping Feed,77063154836,kids gt playsets,20160206,20160212,0.20,0.01,0,0.00,4
174263156,Shopping: SEM PLA,8991844196,Google Shopping Feed,77063154836,kids gt playsets,20160206,20160212,0.20,0.09,0,0.00,36
174263156,Shopping: SEM PLA,8991844196,Google Shopping Feed,77063154836,kids gt playsets,20160206,20160212,0.20,0.20,0,0.00,64
174263156,Shopping: SEM PLA,8991844196,Google Shopping Feed,77063154836,kids gt playsets,20160206,20160212,0.20,0.31,0,0.00,89
174263156,Shopping: SEM PLA,8991844196,Google Shopping Feed,77063154836,kids gt playsets,20160206,20160212,0.20,0.47,0,0.00,113
174263156,Shopping: SEM PLA,8991844196,Google Shopping Feed,77063154836,kids gt playsets,20160206,20160212,0.20,0.66,0,0.00,130
174263156,Shopping: SEM PLA,8991844196,Google Shopping Feed,77063154836,kids gt playsets,20160206,20160212,0.20,0.96,0,0.00,138
174263156,Shopping: SEM PLA,8991844196,Google Shopping Feed,77063154836,kids gt playsets,20160206,20160212,0.20,1.30,0,0.00,144
174263156,Shopping: SEM PLA,8991844196,Google Shopping Feed,77063154836,kids gt playsets,20160206,20160212,0.20,1.65,0,0.00,145
174263156,Shopping: SEM PLA,8991844196,Google Shopping Feed,77063154836,kids gt playsets,20160206,20160212,0.20,1.94,0,0.00,154
174263156,Shopping: SEM PLA,8991844196,Google Shopping Feed,77063152916,kids gt playsets,20160206,20160212,0.20,0.02,0,0.00,1
174263156,Shopping: SEM PLA,8991844196,Google Shopping Feed,77063152916,kids gt playsets,20160206,20160212,0.20,0.15,0,0.00,5
174263156,Shopping: SEM PLA,8991844196,Google Shopping Feed,77063152916,kids gt playsets,20160206,20160212,0.20,0.16,0,0.00,10
174263156,Shopping: SEM PLA,8991844196,Google Shopping Feed,77063152916,kids gt playsets,20160206,20160212,0.20,0.20,0,0.00,13
174263156,Shopping: SEM PLA,8991844196,Google Shopping Feed,77063152916,kids gt playsets,20160206,20160212,0.20,0.44,0,0.00,14
174263156,Shopping: SEM PLA,8991844196,Google Shopping Feed,77063152916,kids gt playsets,20160206,20160212,0.20,0.58,0,0.00,17
174263156,Shopping: SEM PLA,8991844196,Google Shopping Feed,77063152916,kids gt playsets,20160206,20160212,0.20,0.79,0,0.00,19
174263156,Shopping: SEM PLA,8991844196,Google Shopping Feed,77063152916,kids gt playsets,20160206,20160212,0.20,1.00,0,0.00,21
174263156,Shopping: SEM PLA,8991844196,Google Shopping Feed,77063152916,kids gt playsets,20160206,20160212,0.20,1.16,0,0.00,23
174263156,Shopping: SEM PLA,8991844196,Google Shopping Feed,77063152916,kids gt playsets,20160206,20160212,0.20,1.34,0,0.00,25
174263156,Shopping: SEM PLA,8991844196,Google Shopping Feed,77063153876,kids gt playsets,20160206,20160212,0.20,0.01,0,0.00,1
174263156,Shopping: SEM PLA,8991844196,Google Shopping Feed,77063153876,kids gt playsets,20160206,20160212,0.20,0.20,0,0.00,6
174263156,Shopping: SEM PLA,8991844196,Google Shopping Feed,77063153876,kids gt playsets,20160206,20160212,0.20,0.22,0,0.00,10
174263156,Shopping: SEM PLA,8991844196,Google Shopping Feed,77063153876,kids gt playsets,20160206,20160212,0.20,0.32,0,0.00,12
174263156,Shopping: SEM PLA,8991844196,Google Shopping Feed,77063153876,kids gt playsets,20160206,20160212,0.20,0.54,0,0.00,14
174263156,Shopping: SEM PLA,8991844196,Google Shopping Feed,77063153876,kids gt playsets,20160206,20160212,0.20,0.74,0,0.00,15
174263156,Shopping: SEM PLA,8991844196,Google Shopping Feed,77063153876,kids gt playsets,20160206,20160212,0.20,1.10,0,0.00,16
174263156,Shopping: SEM PLA,8991844196,Google Shopping Feed,77063153876,kids gt playsets,20160206,20160212,0.20,1.37,0,0.00,16
174263156,Shopping: SEM PLA,8991844196,Google Shopping Feed,77063153876,kids gt playsets,20160206,20160212,0.20,1.78,0,0.00,17
174263156,Shopping: SEM PLA,8991844196,Google Shopping Feed,77063153876,kids gt playsets,20160206,20160212,0.20,2.02,0,0.00,18
174263156,Shopping: SEM PLA,8991844196,Google Shopping Feed,77063155796,kids gt playsets,20160206,20160212,0.20,0.68,0,0.00,4
174263156,Shopping: SEM PLA,8991844196,Google Shopping Feed,77063155796,kids gt playsets,20160206,20160212,0.20,1.11,0,0.00,9
174263156,Shopping: SEM PLA,8991844196,Google Shopping Feed,77063155796,kids gt playsets,20160206,20160212,0.20,1.32,0,0.00,20
174263156,Shopping: SEM PLA,8991844196,Google Shopping Feed,77063155796,kids gt playsets,20160206,20160212,0.20,1.66,0,0.00,27
174263156,Shopping: SEM PLA,8991844196,Google Shopping Feed,77063155796,kids gt playsets,20160206,20160212,0.20,1.83,1,1.25,52
174263156,Shopping: SEM PLA,8991844196,Google Shopping Feed,77063155796,kids gt playsets,20160206,20160212,0.20,1.86,1,1.52,63
174263156,Shopping: SEM PLA,8991844196,Google Shopping Feed,77063155796,kids gt playsets,20160206,20160212,0.20,2.33,1,1.83,66
174263156,Shopping: SEM PLA,8991844196,Google Shopping Feed,77063155796,kids gt playsets,20160206,20160212,0.20,2.77,1,2.27,68
174263156,Shopping: SEM PLA,8991844196,Google Shopping Feed,77063156756,kids gt playsets,20160206,20160212,0.20,0.01,0,0.00,3
174263156,Shopping: SEM PLA,8991844196,Google Shopping Feed,77063156756,kids gt playsets,20160206,20160212,0.20,0.11,0,0.00,14
174263156,Shopping: SEM PLA,8991844196,Google Shopping Feed,77063156756,kids gt playsets,20160206,20160212,0.20,0.20,0,0.00,21
174263156,Shopping: SEM PLA,8991844196,Google Shopping Feed,77063156756,kids gt playsets,20160206,20160212,0.20,0.30,0,0.00,33
174263156,Shopping: SEM PLA,8991844196,Google Shopping Feed,77063156756,kids gt playsets,20160206,20160212,0.20,0.50,0,0.00,38
174263156,Shopping: SEM PLA,8991844196,Google Shopping Feed,77063156756,kids gt playsets,20160206,20160212,0.20,0.99,0,0.00,41
174263156,Shopping: SEM PLA,8991844196,Google Shopping Feed,77063156756,kids gt playsets,20160206,20160212,0.20,1.60,0,0.00,42
174263156,Shopping: SEM PLA,8991844196,Google Shopping Feed,77063156756,kids gt playsets,20160206,20160212,0.20,1.77,0,0.00,48
174263156,Shopping: SEM PLA,8991844196,Google Shopping Feed,77063156756,kids gt playsets,20160206,20160212,0.20,2.26,0,0.00,49
174263156,Shopping: SEM PLA,8991844196,Google Shopping Feed,77063156756,kids gt playsets,20160206,20160212,0.20,2.69,0,0.00,53
174263156,Shopping: SEM PLA,8991844196,Google Shopping Feed,77063158676,kids gt playsets,20160206,20160212,0.20,0.01,0,0.00,33
174263156,Shopping: SEM PLA,8991844196,Google Shopping Feed,77063158676,kids gt playsets,20160206,20160212,0.20,0.20,10,1.74,478
174263156,Shopping: SEM PLA,8991844196,Google Shopping Feed,77063158676,kids gt playsets,20160206,20160212,0.20,0.30,20,5.08,898
174263156,Shopping: SEM PLA,8991844196,Google Shopping Feed,77063158676,kids gt playsets,20160206,20160212,0.20,0.41,30,10.10,1250
174263156,Shopping: SEM PLA,8991844196,Google Shopping Feed,77063158676,kids gt playsets,20160206,20160212,0.20,0.54,41,17.00,1600
174263156,Shopping: SEM PLA,8991844196,Google Shopping Feed,77063158676,kids gt playsets,20160206,20160212,0.20,0.84,52,28.70,1880
174263156,Shopping: SEM PLA,8991844196,Google Shopping Feed,77063158676,kids gt playsets,20160206,20160212,0.20,1.26,59,42.80,2020
174263156,Shopping: SEM PLA,8991844196,Google Shopping Feed,77063158676,kids gt playsets,20160206,20160212,0.20,1.73,63,56.90,2090
174263156,Shopping: SEM PLA,8991844196,Google Shopping Feed,77063158676,kids gt playsets,20160206,20160212,0.20,2.18,66,69.40,2140
174263156,Shopping: SEM PLA,8991844196,Google Shopping Feed,77063158676,kids gt playsets,20160206,20160212,0.20,2.65,68,84.50,2160
174263156,Shopping: SEM PLA,8991844196,Google Shopping Feed,77063159636,kids gt playsets,20160206,20160212,0.20,0.01,0,0.00,1
174263156,Shopping: SEM PLA,8991844196,Google Shopping Feed,77063159636,kids gt playsets,20160206,20160212,0.20,0.12,1,0.09,12
174263156,Shopping: SEM PLA,8991844196,Google Shopping Feed,77063159636,kids gt playsets,20160206,20160212,0.20,0.20,1,0.12,24
174263156,Shopping: SEM PLA,8991844196,Google Shopping Feed,77063159636,kids gt playsets,20160206,20160212,0.20,0.29,1,0.21,38
174263156,Shopping: SEM PLA,8991844196,Google Shopping Feed,77063159636,kids gt playsets,20160206,20160212,0.20,0.39,1,0.31,49
174263156,Shopping: SEM PLA,8991844196,Google Shopping Feed,77063159636,kids gt playsets,20160206,20160212,0.20,0.52,1,0.48,60
174263156,Shopping: SEM PLA,8991844196,Google Shopping Feed,77063159636,kids gt playsets,20160206,20160212,0.20,0.71,1,0.64,65
174263156,Shopping: SEM PLA,8991844196,Google Shopping Feed,77063159636,kids gt playsets,20160206,20160212,0.20,0.94,2,0.79,68
174263156,Shopping: SEM PLA,8991844196,Google Shopping Feed,77063159636,kids gt playsets,20160206,20160212,0.20,1.20,2,0.95,69
174263156,Shopping: SEM PLA,8991844196,Google Shopping Feed,77063159636,kids gt playsets,20160206,20160212,0.20,1.39,2,1.20,75
174263156,Shopping: SEM PLA,8991844196,Google Shopping Feed,77063160596,kids gt playsets,20160206,20160212,0.20,0.01,0,0.00,4
174263156,Shopping: SEM PLA,8991844196,Google Shopping Feed,77063160596,kids gt playsets,20160206,20160212,0.20,0.20,1,0.09,85
174263156,Shopping: SEM PLA,8991844196,Google Shopping Feed,77063160596,kids gt playsets,20160206,20160212,0.20,0.31,1,0.36,173
174263156,Shopping: SEM PLA,8991844196,Google Shopping Feed,77063160596,kids gt playsets,20160206,20160212,0.20,0.41,2,0.81,264
174263156,Shopping: SEM PLA,8991844196,Google Shopping Feed,77063160596,kids gt playsets,20160206,20160212,0.20,0.55,3,1.32,342
174263156,Shopping: SEM PLA,8991844196,Google Shopping Feed,77063160596,kids gt playsets,20160206,20160212,0.20,0.80,3,1.98,410
174263156,Shopping: SEM PLA,8991844196,Google Shopping Feed,77063160596,kids gt playsets,20160206,20160212,0.20,1.22,3,2.61,440
174263156,Shopping: SEM PLA,8991844196,Google Shopping Feed,77063160596,kids gt playsets,20160206,20160212,0.20,1.70,4,3.62,454
174263156,Shopping: SEM PLA,8991844196,Google Shopping Feed,77063160596,kids gt playsets,20160206,20160212,0.20,2.19,4,4.07,461
174263156,Shopping: SEM PLA,8991844196,Google Shopping Feed,77063160596,kids gt playsets,20160206,20160212,0.20,2.66,4,4.21,474
174263156,Shopping: SEM PLA,8991844196,Google Shopping Feed,77063163476,kids gt playsets,20160206,20160212,0.20,0.01,1,0.01,166
174263156,Shopping: SEM PLA,8991844196,Google Shopping Feed,77063163476,kids gt playsets,20160206,20160212,0.20,0.20,4,0.49,1280
174263156,Shopping: SEM PLA,8991844196,Google Shopping Feed,77063163476,kids gt playsets,20160206,20160212,0.20,0.42,9,2.84,2270
174263156,Shopping: SEM PLA,8991844196,Google Shopping Feed,77063163476,kids gt playsets,20160206,20160212,0.20,0.62,13,6.30,3230
174263156,Shopping: SEM PLA,8991844196,Google Shopping Feed,77063163476,kids gt playsets,20160206,20160212,0.20,0.83,23,15.80,4170
174263156,Shopping: SEM PLA,8991844196,Google Shopping Feed,77063163476,kids gt playsets,20160206,20160212,0.20,1.11,32,28.50,5030
174263156,Shopping: SEM PLA,8991844196,Google Shopping Feed,77063163476,kids gt playsets,20160206,20160212,0.20,1.48,47,54.10,5650
174263156,Shopping: SEM PLA,8991844196,Google Shopping Feed,77063163476,kids gt playsets,20160206,20160212,0.20,1.89,52,68.50,6080
174263156,Shopping: SEM PLA,8991844196,Google Shopping Feed,77063163476,kids gt playsets,20160206,20160212,0.20,2.35,55,79.30,6380
174263156,Shopping: SEM PLA,8991844196,Google Shopping Feed,77063163476,kids gt playsets,20160206,20160212,0.20,2.81,57,89.10,6530
174263156,Shopping: SEM PLA,8991844196,Google Shopping Feed,61865531738,kids gt playsets,20160206,20160212,0.20,0.01,10,0.08,473
174263156,Shopping: SEM PLA,8991844196,Google Shopping Feed,61865531738,kids gt playsets,20160206,20160212,0.20,0.20,66,8.20,4140
174263156,Shopping: SEM PLA,8991844196,Google Shopping Feed,61865531738,kids gt playsets,20160206,20160212,0.20,0.31,111,23.00,7200
174263156,Shopping: SEM PLA,8991844196,Google Shopping Feed,61865531738,kids gt playsets,20160206,20160212,0.20,0.47,170,52.20,10100
174263156,Shopping: SEM PLA,8991844196,Google Shopping Feed,61865531738,kids gt playsets,20160206,20160212,0.20,0.68,231,97.00,12900
174263156,Shopping: SEM PLA,8991844196,Google Shopping Feed,61865531738,kids gt playsets,20160206,20160212,0.20,0.99,282,154.00,15100
174263156,Shopping: SEM PLA,8991844196,Google Shopping Feed,61865531738,kids gt playsets,20160206,20160212,0.20,1.39,330,222.00,16700
174263156,Shopping: SEM PLA,8991844196,Google Shopping Feed,61865531738,kids gt playsets,20160206,20160212,0.20,1.83,353,271.00,17700
174263156,Shopping: SEM PLA,8991844196,Google Shopping Feed,61865531738,kids gt playsets,20160206,20160212,0.20,2.29,367,308.00,18200
174263156,Shopping: SEM PLA,8991844196,Google Shopping Feed,61865531738,kids gt playsets,20160206,20160212,0.20,2.74,379,341.00,18600
174263156,Shopping: SEM PLA,8991844196,Google Shopping Feed,77063153636,kids gt playsets,20160206,20160212,0.20,0.15,0,0.00,1
174263156,Shopping: SEM PLA,8991844196,Google Shopping Feed,77063153636,kids gt playsets,20160206,20160212,0.20,0.20,0,0.00,1
174263156,Shopping: SEM PLA,8991844196,Google Shopping Feed,77063153636,kids gt playsets,20160206,20160212,0.20,0.32,0,0.00,2
174263156,Shopping: SEM PLA,8991844196,Google Shopping Feed,77063153636,kids gt playsets,20160206,20160212,0.20,0.34,0,0.00,2
174263156,Shopping: SEM PLA,8991844196,Google Shopping Feed,77063153636,kids gt playsets,20160206,20160212,0.20,0.79,0,0.00,2
174263156,Shopping: SEM PLA,8991844196,Google Shopping Feed,77063153636,kids gt playsets,20160206,20160212,0.20,1.53,0,0.00,3
174263156,Shopping: SEM PLA,8991844196,Google Shopping Feed,77063153636,kids gt playsets,20160206,20160212,0.20,1.67,0,0.00,3
174263156,Shopping: SEM PLA,8991844196,Google Shopping Feed,77063153636,kids gt playsets,20160206,20160212,0.20,2.56,0,0.00,3
174263156,Shopping: SEM PLA,8991844196,Google Shopping Feed,77063154596,kids gt playsets,20160206,20160212,0.20,0.01,0,0.00,12
174263156,Shopping: SEM PLA,8991844196,Google Shopping Feed,77063154596,kids gt playsets,20160206,20160212,0.20,0.20,2,0.17,74
174263156,Shopping: SEM PLA,8991844196,Google Shopping Feed,77063154596,kids gt playsets,20160206,20160212,0.20,0.44,3,0.45,111
174263156,Shopping: SEM PLA,8991844196,Google Shopping Feed,77063154596,kids gt playsets,20160206,20160212,0.20,0.68,4,1.02,151
174263156,Shopping: SEM PLA,8991844196,Google Shopping Feed,77063154596,kids gt playsets,20160206,20160212,0.20,1.01,5,1.98,181
174263156,Shopping: SEM PLA,8991844196,Google Shopping Feed,77063154596,kids gt playsets,20160206,20160212,0.20,1.31,7,3.30,215
174263156,Shopping: SEM PLA,8991844196,Google Shopping Feed,77063154596,kids gt playsets,20160206,20160212,0.20,1.65,9,6.23,240
174263156,Shopping: SEM PLA,8991844196,Google Shopping Feed,77063154596,kids gt playsets,20160206,20160212,0.20,2.06,10,7.86,260
174263156,Shopping: SEM PLA,8991844196,Google Shopping Feed,77063154596,kids gt playsets,20160206,20160212,0.20,2.49,11,8.70,272
174263156,Shopping: SEM PLA,8991844196,Google Shopping Feed,77063154596,kids gt playsets,20160206,20160212,0.20,2.98,11,9.57,278
174263156,Shopping: SEM PLA,8991844196,Google Shopping Feed,77063155556,kids gt playsets,20160206,20160212,0.20,0.01,0,0.00,1
174263156,Shopping: SEM PLA,8991844196,Google Shopping Feed,77063155556,kids gt playsets,20160206,20160212,0.20,0.14,0,0.00,5
174263156,Shopping: SEM PLA,8991844196,Google Shopping Feed,77063155556,kids gt playsets,20160206,20160212,0.20,0.20,0,0.00,9
174263156,Shopping: SEM PLA,8991844196,Google Shopping Feed,77063155556,kids gt playsets,20160206,20160212,0.20,0.30,0,0.00,12
174263156,Shopping: SEM PLA,8991844196,Google Shopping Feed,77063155556,kids gt playsets,20160206,20160212,0.20,0.58,0,0.00,14
174263156,Shopping: SEM PLA,8991844196,Google Shopping Feed,77063155556,kids gt playsets,20160206,20160212,0.20,0.92,0,0.00,14
174263156,Shopping: SEM PLA,8991844196,Google Shopping Feed,77063155556,kids gt playsets,20160206,20160212,0.20,1.24,0,0.00,15
174263156,Shopping: SEM PLA,8991844196,Google Shopping Feed,77063155556,kids gt playsets,20160206,20160212,0.20,1.68,0,0.00,15
174263156,Shopping: SEM PLA,8991844196,Google Shopping Feed,77063155556,kids gt playsets,20160206,20160212,0.20,1.92,0,0.00,19
174263156,Shopping: SEM PLA,8991844196,Google Shopping Feed,77063156516,kids gt playsets,20160206,20160212,0.20,0.01,0,0.00,12
174263156,Shopping: SEM PLA,8991844196,Google Shopping Feed,77063156516,kids gt playsets,20160206,20160212,0.20,0.20,2,0.40,330
174263156,Shopping: SEM PLA,8991844196,Google Shopping Feed,77063156516,kids gt playsets,20160206,20160212,0.20,0.36,4,1.15,570
174263156,Shopping: SEM PLA,8991844196,Google Shopping Feed,77063156516,kids gt playsets,20160206,20160212,0.20,0.54,5,2.08,803
174263156,Shopping: SEM PLA,8991844196,Google Shopping Feed,77063156516,kids gt playsets,20160206,20160212,0.20,0.71,7,3.35,1010
174263156,Shopping: SEM PLA,8991844196,Google Shopping Feed,77063156516,kids gt playsets,20160206,20160212,0.20,0.96,8,5.54,1210
174263156,Shopping: SEM PLA,8991844196,Google Shopping Feed,77063156516,kids gt playsets,20160206,20160212,0.20,1.43,9,8.39,1300
174263156,Shopping: SEM PLA,8991844196,Google Shopping Feed,77063156516,kids gt playsets,20160206,20160212,0.20,1.93,10,12.30,1340
174263156,Shopping: SEM PLA,8991844196,Google Shopping Feed,77063156516,kids gt playsets,20160206,20160212,0.20,2.44,11,16.20,1370
174263156,Shopping: SEM PLA,8991844196,Google Shopping Feed,77063156516,kids gt playsets,20160206,20160212,0.20,2.96,11,20.10,1380
174263156,Shopping: SEM PLA,8991844196,Google Shopping Feed,77063159396,kids gt playsets,20160206,20160212,0.20,0.03,0,0.00,1
174263156,Shopping: SEM PLA,8991844196,Google Shopping Feed,77063159396,kids gt playsets,20160206,20160212,0.20,0.20,2,0.35,55
174263156,Shopping: SEM PLA,8991844196,Google Shopping Feed,77063159396,kids gt playsets,20160206,20160212,0.20,0.33,4,1.02,99
174263156,Shopping: SEM PLA,8991844196,Google Shopping Feed,77063159396,kids gt playsets,20160206,20160212,0.20,0.36,4,1.22,110
174263156,Shopping: SEM PLA,8991844196,Google Shopping Feed,77063159396,kids gt playsets,20160206,20160212,0.20,0.62,5,1.66,134
174263156,Shopping: SEM PLA,8991844196,Google Shopping Feed,77063159396,kids gt playsets,20160206,20160212,0.20,0.89,5,1.92,144
174263156,Shopping: SEM PLA,8991844196,Google Shopping Feed,77063159396,kids gt playsets,20160206,20160212,0.20,1.40,5,2.22,148
174263156,Shopping: SEM PLA,8991844196,Google Shopping Feed,77063159396,kids gt playsets,20160206,20160212,0.20,1.88,5,2.41,151
174263156,Shopping: SEM PLA,8991844196,Google Shopping Feed,77063159396,kids gt playsets,20160206,20160212,0.20,2.60,5,2.79,153
174263156,Shopping: SEM PLA,8991844196,Google Shopping Feed,77063159396,kids gt playsets,20160206,20160212,0.20,2.87,5,2.82,154
174263156,Shopping: SEM PLA,8991844196,Google Shopping Feed,77063160356,kids gt playsets,20160206,20160212,0.20,0.01,1,0.01,16
174263156,Shopping: SEM PLA,8991844196,Google Shopping Feed,77063160356,kids gt playsets,20160206,20160212,0.20,0.18,10,1.48,208
174263156,Shopping: SEM PLA,8991844196,Google Shopping Feed,77063160356,kids gt playsets,20160206,20160212,0.20,0.30,18,4.13,373
174263156,Shopping: SEM PLA,8991844196,Google Shopping Feed,77063160356,kids gt playsets,20160206,20160212,0.20,0.44,24,7.82,507
174263156,Shopping: SEM PLA,8991844196,Google Shopping Feed,77063160356,kids gt playsets,20160206,20160212,0.20,0.67,30,13.30,626
174263156,Shopping: SEM PLA,8991844196,Google Shopping Feed,77063160356,kids gt playsets,20160206,20160212,0.20,0.98,33,18.30,721
174263156,Shopping: SEM PLA,8991844196,Google Shopping Feed,77063160356,kids gt playsets,20160206,20160212,0.20,1.38,35,22.70,772
174263156,Shopping: SEM PLA,8991844196,Google Shopping Feed,77063160356,kids gt playsets,20160206,20160212,0.20,1.80,36,28.00,809
174263156,Shopping: SEM PLA,8991844196,Google Shopping Feed,77063160356,kids gt playsets,20160206,20160212,0.20,2.24,37,30.70,827
174263156,Shopping: SEM PLA,8991844196,Google Shopping Feed,77063160356,kids gt playsets,20160206,20160212,0.20,2.69,37,32.20,840
174263156,Shopping: SEM PLA,8991844196,Google Shopping Feed,77063163236,kids gt playsets,20160206,20160212,0.20,0.01,1,0.01,39
174263156,Shopping: SEM PLA,8991844196,Google Shopping Feed,77063163236,kids gt playsets,20160206,20160212,0.20,0.10,24,2.06,647
174263156,Shopping: SEM PLA,8991844196,Google Shopping Feed,77063163236,kids gt playsets,20160206,20160212,0.20,0.20,44,6.38,1200
174263156,Shopping: SEM PLA,8991844196,Google Shopping Feed,77063163236,kids gt playsets,20160206,20160212,0.20,0.35,56,11.30,1660
174263156,Shopping: SEM PLA,8991844196,Google Shopping Feed,77063163236,kids gt playsets,20160206,20160212,0.20,0.56,64,17.60,2100
174263156,Shopping: SEM PLA,8991844196,Google Shopping Feed,77063163236,kids gt playsets,20160206,20160212,0.20,0.86,70,24.90,2440
174263156,Shopping: SEM PLA,8991844196,Google Shopping Feed,77063163236,kids gt playsets,20160206,20160212,0.20,1.34,75,34.40,2570
174263156,Shopping: SEM PLA,8991844196,Google Shopping Feed,77063163236,kids gt playsets,20160206,20160212,0.20,1.85,77,37.50,2620
174263156,Shopping: SEM PLA,8991844196,Google Shopping Feed,77063163236,kids gt playsets,20160206,20160212,0.20,2.36,78,39.80,2650
174263156,Shopping: SEM PLA,8991844196,Google Shopping Feed,77063163236,kids gt playsets,20160206,20160212,0.20,2.86,78,41.40,2680
